,power_consumption,SmallProduction,BigProduction
0,7.923445535296868,10,20
1,7.968700327255727,10,20
2,7.914258999532492,10,20
3,7.9426601215521275,10,20
4,7.976320710612436,10,20
5,7.91778868630201,10,20
6,7.818022440392707,10,20
7,7.812061711079944,10,20
8,7.775712949976624,10,20
9,7.841514726507714,10,20
10,7.760846189808322,10,20
11,7.631486676016831,10,20
12,7.637540906965872,10,20
13,7.630294530154277,10,20
14,7.608625525946704,10,20
15,7.532281439925199,10,20
16,7.537283777466105,10,20
17,7.453599812996728,10,20
18,7.456895745675549,10,20
19,7.542379616643291,10,20
20,7.515217391304349,10,20
21,7.431438596491228,10,20
22,7.3407719298245615,10,20
23,7.20374269005848,10,20
24,7.168631578947368,10,20
25,7.196631578947369,10,20
26,7.123766081871345,10,20
27,7.133660818713451,10,20
28,7.091672514619883,10,20
29,7.063251461988304,10,20
30,6.983473782771536,10,20
31,6.93005617977528,10,20
32,6.865238764044944,10,20
33,6.822308052434457,10,20
34,6.8312265917602994,10,20
35,6.782116104868914,10,20
36,6.7788389513108624,10,20
37,6.880149812734083,10,20
38,6.79129213483146,10,20
39,6.755852059925094,10,20
40,6.807607677902621,10,20
41,6.68691479400749,10,20
42,6.6430477528089895,10,20
43,6.692088014981273,10,20
44,6.673806179775281,10,20
45,6.7406835205992515,10,20
46,6.673572097378277,10,20
47,6.563576779026217,10,20
48,6.540800561797753,10,20
49,6.5128979400749065,10,20
50,6.472073970037453,10,20
51,6.502691947565544,10,20
52,6.497191011235955,10,20
53,6.476989700374532,10,20
54,6.503885767790262,10,20
55,6.4430477528089884,10,20
56,6.379002808988765,10,20
57,6.3786048689138575,10,20
58,6.355875468164794,10,20
59,6.314676966292135,10,20
60,6.267860486891385,10,20
61,6.2701076779026215,10,20
62,6.327972846441948,10,20
63,6.44311797752809,10,20
64,6.355711610486891,10,20
65,6.383450374531835,10,20
66,6.3625234082397,10,20
67,6.282116104868914,10,20
68,6.331109550561798,10,20
69,6.3019897003745315,10,20
70,6.297214419475655,10,20
71,6.355922284644195,10,20
72,6.335884831460674,10,20
73,6.298806179775281,10,20
74,6.292556179775281,10,20
75,6.26439606741573,10,20
76,6.235112359550561,10,20
77,6.170880149812734,10,20
78,6.133824906367042,10,20
79,6.1448033707865175,10,20
80,6.137172284644195,10,20
81,6.093586142322097,10,20
82,6.133005617977528,10,20
83,6.13188202247191,10,20
84,6.02312734082397,10,20
85,5.9165730337078655,10,20
86,5.897612359550562,10,20
87,5.856928838951311,10,20
88,5.939255617977528,10,20
89,5.952270599250936,10,20
90,5.977574906367042,10,20
91,5.976029962546817,10,20
92,5.914770599250936,10,20
93,5.970435393258427,10,20
94,5.929143258426967,10,20
95,5.850046816479401,10,20
96,5.893937265917604,10,20
97,5.904845505617978,10,20
98,5.832911985018727,10,20
99,5.885229400749064,10,20
100,5.840426029962547,10,20
101,5.82563202247191,10,20
102,5.812242509363296,10,20
103,5.847565543071161,10,20
104,5.817392322097379,10,20
105,5.850468164794008,10,20
106,5.804845505617978,10,20
107,5.74747191011236,10,20
108,5.702223782771536,10,20
109,5.670880149812734,10,20
110,5.577879213483146,10,20
111,5.66935861423221,10,20
112,5.746910112359551,10,20
113,5.653230337078652,10,20
114,5.585229400749064,10,20
115,5.585393258426967,10,20
116,5.610299625468165,10,20
117,5.676591760299625,10,20
118,5.642462546816479,10,20
119,5.6557818352059925,10,20
120,5.678698501872659,10,20
121,5.670997191011236,10,20
122,5.613810861423221,10,20
123,5.673501872659176,10,20
124,5.680805243445692,10,20
125,5.639630149812734,10,20
126,5.580594569288389,10,20
127,5.583918539325842,10,20
128,5.609878277153558,10,20
129,5.589747191011236,10,20
130,5.556320224719101,10,20
131,5.494218164794007,10,20
132,5.441221910112359,10,20
133,5.491643258426967,10,20
134,5.518937265917603,10,20
135,5.474227528089887,10,20
136,5.470177902621723,10,20
137,5.439068352059925,10,20
138,5.4717930711610485,10,20
139,5.579751872659176,10,20
140,5.495505617977528,10,20
141,5.397729400749064,10,20
142,5.4834035580524345,10,20
143,5.553932584269663,10,20
144,5.520505617977528,10,20
145,5.588717228464419,10,20
146,5.568656367041198,10,20
147,5.552668539325842,10,20
148,5.511025280898877,10,20
149,5.4684691011235955,10,20
150,5.411376404494382,10,20
151,5.5218632958801495,10,20
152,5.588272471910113,10,20
153,5.445458801498127,10,20
154,5.418071161048689,10,20
155,5.476661985018726,10,20
156,5.373876404494382,10,20
157,5.42123127340824,10,20
158,5.41816479400749,10,20
159,5.437617041198502,10,20
160,5.482303370786517,10,20
161,5.528651685393259,10,20
162,5.40126404494382,10,20
163,5.3894662921348315,10,20
164,5.43810861423221,10,20
165,5.386001872659176,10,20
166,5.413108614232209,10,20
167,5.38998127340824,10,20
168,5.46441947565543,10,20
169,5.488459737827715,10,20
170,5.426427902621723,10,20
171,5.324719101123595,10,20
172,5.333707865168539,10,20
173,5.449180711610487,10,20
174,5.429915730337078,10,20
175,5.450678838951311,10,20
176,5.46374063670412,10,20
177,5.34673225579761,10,20
178,5.355688202247191,10,20
179,5.356343632958802,10,20
180,5.388623595505618,10,20
181,5.432771535580525,10,20
182,5.407373595505618,10,20
183,5.3422752808988765,10,20
184,5.3454119850187265,10,20
185,5.373572097378277,10,20
186,5.277294007490637,10,20
187,5.352013108614232,10,20
188,5.3796114232209735,10,20
189,5.401615168539325,10,20
190,5.4549157303370785,10,20
191,5.3875234082397006,10,20
192,5.282701310861423,10,20
193,5.374250936329588,10,20
194,5.451942883895131,10,20
195,5.4584269662921345,10,20
196,5.496652621722847,10,20
197,5.380875468164794,10,20
198,5.328183520599251,10,20
199,5.374250936329588,10,20
200,5.333005617977528,10,20
201,5.365472846441947,10,20
202,5.335486891385768,10,20
203,5.338272471910113,10,20
204,5.280500936329588,10,20
205,5.239723782771535,10,20
206,5.204143258426966,10,20
207,5.347120786516854,10,20
208,5.377059925093633,10,20
209,5.29438202247191,10,20
210,5.22064606741573,10,20
211,5.232537453183521,10,20
212,5.279892322097378,10,20
213,5.353721910112359,10,20
214,5.3438436329588015,10,20
215,5.2416198501872655,10,20
216,5.309503745318352,10,20
217,5.285393258426966,10,20
218,5.2646535580524345,10,20
219,5.290051498127341,10,20
220,5.203955992509363,10,20
221,5.246090823970038,10,20
222,5.293024344569289,10,20
223,5.21381086142322,10,20
224,5.215964419475656,10,20
225,5.2281367041198505,10,20
226,5.246161048689139,10,20
227,5.304728464419476,10,20
228,5.260557116104869,10,20
229,5.198525280898877,10,20
230,5.227317415730337,10,20
231,5.211657303370786,10,20
232,5.243710470836262,10,20
233,5.263902553291169,10,20
234,5.19337081283673,10,20
235,5.202717263996251,10,20
236,5.241420534458509,10,20
237,5.226793248945148,10,20
238,5.194772620721987,10,20
239,5.227379278012189,10,20
240,5.189826535396156,10,20
241,5.182489451476793,10,20
242,5.241725269573371,10,20
243,5.169268635724332,10,20
244,5.2380450070323485,10,20
245,5.242287857477732,10,20
246,5.202742616033755,10,20
247,5.143295827473042,10,20
248,5.154875761837787,10,20
249,5.148687294889827,10,20
250,5.220393811533052,10,20
251,5.2343413033286454,10,20
252,5.1593764650726675,10,20
253,5.165283638068448,10,20
254,5.20112517580872,10,20
255,5.145733708391936,10,20
256,5.1322784810126585,10,20
257,5.092240975152368,10,20
258,5.109634317862166,10,20
259,5.253750586029067,10,20
260,5.298640412564463,10,20
261,5.230520393811533,10,20
262,5.196835443037974,10,20
263,5.215142991092359,10,20
264,5.173488045007033,10,20
265,5.223628691983122,10,20
266,5.23919362400375,10,20
267,5.175738396624472,10,20
268,5.203586497890296,10,20
269,5.186169714017815,10,20
270,5.111345522737928,10,20
271,5.130356305672762,10,20
272,5.142686357243319,10,20
273,5.141162681669011,10,20
274,5.238959212376934,10,20
275,5.1342475386779185,10,20
276,5.11882325363338,10,20
277,5.107196436943273,10,20
278,5.194116268166901,10,20
279,5.194983591186123,10,20
280,5.208110642287857,10,20
281,5.101242381622128,10,20
282,5.089685888420066,10,20
283,5.135890218156228,10,20
284,5.107342247243725,10,20
285,5.115833919774807,10,20
286,5.125902484763245,10,20
287,5.124425691514299,10,20
288,5.133309892170652,10,20
289,5.1391701828410685,10,20
290,5.090295358649789,10,20
291,5.057032348804501,10,20
292,5.039240506329114,10,20
293,4.998007501172058,10,20
294,5.05196905766526,10,20
295,5.046835443037975,10,20
296,5.071425222691046,10,20
297,5.079840600093765,10,20
298,5.044186591654946,10,20
299,4.955297702766058,10,20
300,4.978254750175933,10,20
301,5.039127375087967,10,20
302,5.094792399718508,10,20
303,5.042739854562515,10,20
304,5.036547032606146,10,20
305,5.085292047853624,10,20
306,5.077527562749238,10,20
307,5.085479709125029,10,20
308,5.068918601923528,10,20
309,5.028055360075064,10,20
310,5.088247712878254,10,20
311,5.106920009383064,10,20
312,5.100703729767769,10,20
313,5.064039408866995,10,20
314,5.113112831339432,10,20
315,5.169129720853858,10,20
316,5.1366877785597,10,20
317,5.112291813277035,10,20
318,5.073657049026507,10,20
319,5.042739854562515,10,20
320,5.147665962936899,10,20
321,5.173516303072954,10,20
322,5.182430213464697,10,20
323,5.08843537414966,10,20
324,5.0412620220502,10,20
325,5.0080225193525685,10,20
326,5.023692235514896,10,20
327,5.03082336382829,10,20
328,5.090851513019001,10,20
329,5.0357729298616,10,20
330,5.031714754867465,10,20
331,5.0521698334506215,10,20
332,5.005254515599343,10,20
333,5.09392446633826,10,20
334,5.089678630072719,10,20
335,5.021369927281257,10,20
336,5.038611306591602,10,20
337,5.0374384236453205,10,20
338,5.04883884588318,10,20
339,5.038658221909453,10,20
340,4.9999296270232225,10,20
341,4.964578935022285,10,20
342,5.024536711236219,10,20
343,5.038798967863007,10,20
344,5.007694112127609,10,20
345,4.972015012901712,10,20
346,4.961740558292282,10,20
347,5.057025568848229,10,20
348,5.058644147314098,10,20
349,4.967135819845179,10,20
350,4.9830635702556885,10,20
351,4.997536945812808,10,20
352,5.02807881773399,10,20
353,5.045460942997889,10,20
354,5.119141449683322,10,20
355,5.197865353037767,10,20
356,5.302721088435375,10,20
357,5.340441003987801,10,20
358,5.267182735163031,10,20
359,5.286840253342716,10,20
360,5.361154116819141,10,20
361,5.34696223316913,10,20
362,5.430870279146141,10,20
363,5.48843537414966,10,20
364,5.4741965751817965,10,20
365,5.503448275862069,10,20
366,5.4867933380248655,10,20
367,5.456931738212527,10,20
368,5.510485573539761,10,20
369,5.345601688951443,10,20
370,5.370654468684025,10,20
371,5.416842599108609,10,20
372,5.456157635467981,10,20
373,5.499108608960826,10,20
374,5.407178043631246,10,20
375,5.504011259676284,10,20
376,5.611330049261084,10,20
377,5.622824302134647,10,20
378,5.562326999765423,10,20
379,5.523035421064978,10,20
380,5.49795918367347,10,20
381,5.55798733286418,10,20
382,5.754421768707483,10,20
383,5.778348580811635,10,20
384,5.779122683556181,10,20
385,5.837039643443584,10,20
386,6.040839784189537,10,20
387,6.2869809992962695,10,20
388,6.41301900070373,10,20
389,6.6445460942997885,10,20
390,6.830917194463993,10,20
391,7.191203377902886,10,20
392,7.5667135819845175,10,20
393,8.061576354679802,10,20
394,8.495355383532724,10,20
395,8.890241613886934,10,20
396,9.279239971850808,10,20
397,9.668214872155758,10,20
398,9.829345531315974,10,20
399,10.227680037532254,10,20
400,10.578090546563454,10,20
401,10.786113065916021,10,20
402,11.137344593009617,10,20
403,11.310039878020174,10,20
404,11.141520056298381,10,20
405,11.532958010790523,10,20
406,11.783720384705607,10,20
407,12.319399483931502,10,20
408,12.937579169598873,10,20
409,13.139784189537885,10,20
410,13.38418953788412,10,20
411,13.618601923528031,10,20
412,13.974313863476425,10,20
413,14.170490265071546,10,20
414,14.486605676753461,10,20
415,14.685737743373211,10,20
416,14.94588318085855,10,20
417,14.866737089201878,10,20
418,14.653530377668309,10,20
419,14.500093830635704,10,20
420,14.041590429275157,10,20
421,13.916185784658692,10,20
422,13.724231761670186,10,20
423,13.45277973258269,10,20
424,13.244100398780201,10,20
425,13.356298381421533,10,20
426,13.454820548909218,10,20
427,13.334295097349285,10,20
428,13.060638048322778,10,20
429,12.881163499882712,10,20
430,12.998827117053716,10,20
431,13.007389162561577,10,20
432,12.871147079521466,10,20
433,12.917194463992493,10,20
434,12.831269059347877,10,20
435,12.890804597701148,10,20
436,13.005019939010088,10,20
437,13.040581749941357,10,20
438,13.282289467511141,10,20
439,13.236030964109784,10,20
440,13.122206572769953,10,20
441,13.274478067088904,10,20
442,13.146751114238798,10,20
443,13.071827351630306,10,20
444,12.90053952615529,10,20
445,13.00328407224959,10,20
446,12.914661036828525,10,20
447,13.044217687074829,10,20
448,13.229017124091017,10,20
449,13.416326530612244,10,20
450,13.625615763546797,10,20
451,13.773821252638985,10,20
452,13.930893736805066,10,20
453,13.9045742434905,10,20
454,14.008304011259677,10,20
455,14.103703703703705,10,20
456,14.110267229254571,10,20
457,14.299062353492733,10,20
458,14.446577590248475,10,20
459,14.324308485700891,10,20
460,14.11882325363338,10,20
461,14.04057665260197,10,20
462,13.928012189404596,10,20
463,14.097702766057196,10,20
464,14.123136427566806,10,20
465,14.16812001875293,10,20
466,13.951054852320675,10,20
467,13.993295827473043,10,20
468,13.936005625879044,10,20
469,14.00393811533052,10,20
470,13.946812001875292,10,20
471,13.927496483825598,10,20
472,13.742897327707455,10,20
473,13.625761837787154,10,20
474,13.447632442569152,10,20
475,13.406704172526956,10,20
476,12.994842944210033,10,20
477,12.678879512423816,10,20
478,12.442920768870135,10,20
479,12.336568213783403,10,20
480,11.946601031411157,10,20
481,11.733309892170652,10,20
482,11.416080637599624,10,20
483,11.085583684950775,10,20
484,10.836990154711675,10,20
485,10.516174402250352,10,20
486,10.382278481012658,10,20
487,10.352555086732302,10,20
488,10.095616502578528,10,20
489,10.091772151898734,10,20
490,9.653750586029068,10,20
491,9.730848570089076,10,20
492,9.639127375087966,10,20
493,9.51151771053249,10,20
494,9.373070607553366,10,20
495,9.267745718977247,10,20
496,9.187379779498006,10,20
497,9.124489795918366,10,20
498,9.004433497536946,10,20
499,8.979591836734693,10,20
500,9.08386113065916,10,20
501,8.97100633356791,10,20
502,9.055547736335914,10,20
503,9.055336617405583,10,20
504,9.021018062397372,10,20
505,9.116561107201502,10,20
506,9.16380281690141,10,20
507,9.213661971830986,10,20
508,9.129509734928455,10,20
509,9.217780905465634,10,20
510,9.333825944170773,10,20
511,9.368074126202204,10,20
512,9.349354914379544,10,20
513,9.259024847632443,10,20
514,9.162119081106422,10,20
515,9.110173464603845,10,20
516,9.142498827941866,10,20
517,9.218729488982653,10,20
518,9.18818565400844,10,20
519,9.263689639006095,10,20
520,9.077285513361462,10,20
521,8.9870839193624,10,20
522,8.967252695733707,10,20
523,9.030778246601031,10,20
524,9.14074074074074,10,20
525,9.063384903891233,10,20
526,8.948827941865916,10,20
527,8.90745428973277,10,20
528,8.959324419422941,10,20
529,8.797231996246774,10,20
530,8.743881856540083,10,20
531,8.701289263947492,10,20
532,8.668002812939521,10,20
533,8.489076418190342,10,20
534,8.260759493670886,10,20
535,8.25939990623535,10,20
536,8.074191279887483,10,20
537,8.142287857477731,10,20
538,8.116385372714486,10,20
539,7.961767463666198,10,20
540,7.944491326769809,10,20
541,7.912962962962963,10,20
542,7.715330520393812,10,20
543,7.665002344116268,10,20
544,7.549953117674637,10,20
545,7.400586029067042,10,20
546,7.318635724331927,10,20
547,7.28384903891233,10,20
548,7.356493202062822,10,20
549,7.350070323488045,10,20
550,7.3349273323956865,10,20
551,7.203117674636663,10,20
552,7.105743084857009,10,20
553,7.15996249413971,10,20
554,7.150375058602907,10,20
555,7.08244256915143,10,20
556,7.0207923112986395,10,20
557,7.143865822190945,10,20
558,7.149847525216983,10,20
559,7.088748241912799,10,20
560,7.056375996249414,10,20
561,7.046436943272386,10,20
562,7.106868260665729,10,20
563,7.139076418190342,10,20
564,6.97248007501172,10,20
565,6.955578996718238,10,20
566,6.9883028598218475,10,20
567,6.957923112986403,10,20
568,6.881481481481482,10,20
569,6.9471870604782,10,20
570,6.885302390998593,10,20
571,6.816385372714486,10,20
572,6.780918893577121,10,20
573,6.862259728082512,10,20
574,6.841795593061415,10,20
575,6.97093295827473,10,20
576,6.919010782934834,10,20
577,6.9288795124238165,10,20
578,6.9503281762775435,10,20
579,6.9185185185185185,10,20
580,6.956211908110642,10,20
581,6.9522972339428035,10,20
582,6.950539146741678,10,20
583,6.893314567206192,10,20
584,6.926230661040788,10,20
585,6.920300046882325,10,20
586,7.0124472573839665,10,20
587,7.058345053914675,10,20
588,7.120206282231598,10,20
589,7.061204875761837,10,20
590,7.017112048757618,10,20
591,7.102766057196437,10,20
592,7.143178621659635,10,20
593,7.108204406938584,10,20
594,7.049812470698547,10,20
595,7.032372245663384,10,20
596,6.896718237224566,10,20
597,6.920792311298641,10,20
598,6.941889357712142,10,20
599,6.945554773633591,10,20
600,6.964416315049226,10,20
601,6.856962025316456,10,20
602,6.83091889357712,10,20
603,6.881504922644163,10,20
604,6.905227379278013,10,20
605,6.897304266291608,10,20
606,6.8955899601219794,10,20
607,6.892563922120573,10,20
608,6.933309859154929,10,20
609,6.845798122065728,10,20
610,6.69655172413793,10,20
611,6.741754632887638,10,20
612,6.751489561341778,10,20
613,6.866033309875674,10,20
614,6.965048088200798,10,20
615,6.9091015716631485,10,20
616,6.942552193291109,10,20
617,6.809195402298851,10,20
618,6.880084447572132,10,20
619,6.935845070422535,10,20
620,6.8821830985915495,10,20
621,6.983063570255688,10,20
622,6.902439596528267,10,20
623,6.973774337321135,10,20
624,6.956274923762608,10,20
625,7.050152474783016,10,20
626,6.986347642505279,10,20
627,7.047595589960122,10,20
628,6.857300469483568,10,20
629,6.900657276995305,10,20
630,6.949941355852686,10,20
631,6.916091954022988,10,20
632,6.992423176167018,10,20
633,6.982570959418251,10,20
634,6.983603096410978,10,20
635,6.902486511846117,10,20
636,6.843748533896317,10,20
637,6.748205489092189,10,20
638,6.831667839549612,10,20
639,6.810978184377199,10,20
640,6.813793103448275,10,20
641,6.83356790992259,10,20
642,6.907576823832981,10,20
643,6.896481351161154,10,20
644,7.014778325123153,10,20
645,6.919704433497537,10,20
646,6.89704433497537,10,20
647,6.855430448041285,10,20
648,6.844600938967137,10,20
649,6.864999999999999,10,20
650,6.826830985915493,10,20
651,6.768661971830986,10,20
652,6.7568075117370885,10,20
653,6.849483568075117,10,20
654,6.810469483568075,10,20
655,6.73612676056338,10,20
656,6.769530516431925,10,20
657,6.789671361502347,10,20
658,6.901384976525822,10,20
659,6.999765258215962,10,20
660,7.073708920187793,10,20
661,7.054647887323944,10,20
662,6.93830985915493,10,20
663,6.999201877934272,10,20
664,6.8455164319248825,10,20
665,6.820915492957747,10,20
666,6.907934272300469,10,20
667,6.9173943661971835,10,20
668,7.043568075117371,10,20
669,6.956784037558686,10,20
670,6.9364788732394365,10,20
671,6.930471498944406,10,20
672,6.9913441238564396,10,20
673,6.901360544217687,10,20
674,6.98552662444288,10,20
675,6.902885292047854,10,20
676,6.908726249120337,10,20
677,6.894487450152475,10,20
678,6.966901243255923,10,20
679,7.059558996012198,10,20
680,7.047900539526155,10,20
681,7.009617640159512,10,20
682,6.966713581984519,10,20
683,6.966220657276995,10,20
684,6.974741784037558,10,20
685,7.052451325357729,10,20
686,6.9993431855500825,10,20
687,7.068003753225428,10,20
688,6.989326765188834,10,20
689,6.899272812573305,10,20
690,6.98676988036594,10,20
691,7.075862068965517,10,20
692,7.042739854562515,10,20
693,6.992728125733051,10,20
694,6.926647900539526,10,20
695,6.976049730236923,10,20
696,7.034646962233169,10,20
697,6.94991789819376,10,20
698,6.96380483227774,10,20
699,6.917030260380014,10,20
700,6.965165376495426,10,20
701,6.990241613886934,10,20
702,7.121956368754398,10,20
703,7.236570490265071,10,20
704,7.203661971830987,10,20
705,7.1879193056532955,10,20
706,7.112291813277036,10,20
707,7.102697630776448,10,20
708,7.062045507858316,10,20
709,7.122918132770349,10,20
710,7.250668543279382,10,20
711,7.23286418015482,10,20
712,7.20748299319728,10,20
713,7.189021815622801,10,20
714,7.135890218156228,10,20
715,7.204175463288764,10,20
716,7.139760731878959,10,20
717,7.193947923997185,10,20
718,7.249437412095641,10,20
719,7.231997187060478,10,20
720,7.273886544772621,10,20
721,7.2720581340834505,10,20
722,7.131411157993437,10,20
723,7.178527894983591,10,20
724,7.29045944678856,10,20
725,7.240605207600281,10,20
726,7.232723863103609,10,20
727,7.260431317393343,10,20
728,7.417393342709798,10,20
729,7.464721050164089,10,20
730,7.455227379278012,10,20
731,7.406797937177684,10,20
732,7.3556493202062825,10,20
733,7.483661509610877,10,20
734,7.434083978418954,10,20
735,7.588951442646024,10,20
736,7.560478199718706,10,20
737,7.615447726207219,10,20
738,7.438279418659166,10,20
739,7.417182372245663,10,20
740,7.432090951711205,10,20
741,7.550164088138772,10,20
742,7.490787623066104,10,20
743,7.426488513830287,10,20
744,7.292475386779184,10,20
745,7.317885607126113,10,20
746,7.406141584622597,10,20
747,7.38609939052977,10,20
748,7.489076418190343,10,20
749,7.4626347866854195,10,20
750,7.4083919362400374,10,20
751,7.446249413970934,10,20
752,7.40787623066104,10,20
753,7.334810126582279,10,20
754,7.30419596812002,10,20
755,7.3354430379746836,10,20
756,7.24817158931083,10,20
757,7.209868729488982,10,20
758,7.2207688701359585,10,20
759,7.203656821378341,10,20
760,7.276160337552743,10,20
761,7.259657759024848,10,20
762,7.330778246601032,10,20
763,7.326160337552742,10,20
764,7.45996249413971,10,20
765,7.622362869198312,10,20
766,7.657290201593999,10,20
767,7.488748241912799,10,20
768,7.437880918893577,10,20
769,7.4074308485700895,10,20
770,7.453820909517113,10,20
771,7.567580872011252,10,20
772,7.345382090951711,10,20
773,7.444842944210032,10,20
774,7.426254102203469,10,20
775,7.431012658227848,10,20
776,7.464486638537271,10,20
777,7.432348804500703,10,20
778,7.6233708391936235,10,20
779,7.585419596812002,10,20
780,7.291326769807783,10,20
781,7.414932020628223,10,20
782,7.398781059540553,10,20
783,7.413572433192686,10,20
784,7.452555086732302,10,20
785,7.50689170182841,10,20
786,7.577543366150961,10,20
787,7.434599156118144,10,20
788,7.409282700421941,10,20
789,7.508485700890764,10,20
790,7.493366150961088,10,20
791,7.299601500234411,10,20
792,7.2890998593530245,10,20
793,7.349671823722457,10,20
794,7.260571964369432,10,20
795,7.113267698077825,10,20
796,7.123699015471167,10,20
797,7.126887013595874,10,20
798,7.0893577121425215,10,20
799,7.144092827004219,10,20
800,7.029864041256447,10,20
801,7.213713080168776,10,20
802,7.195472671827352,10,20
803,7.10168776371308,10,20
804,7.112048757618378,10,20
805,7.175386779184247,10,20
806,7.090553211439287,10,20
807,7.131387716830755,10,20
808,6.9657290201594,10,20
809,6.961392405063291,10,20
810,7.060571964369433,10,20
811,7.068002812939523,10,20
812,7.017487107360525,10,20
813,7.005297702766057,10,20
814,6.961462728551337,10,20
815,6.886240037505861,10,20
816,6.91193155180497,10,20
817,6.842616033755275,10,20
818,6.735232067510548,10,20
819,6.832443195127665,10,20
820,6.841859920356056,10,20
821,6.7961817755914735,10,20
822,6.721995783555868,10,20
823,6.661302412743031,10,20
824,6.726610447411572,10,20
825,6.748512532208948,10,20
826,6.8053174045443905,10,20
827,6.6738111970016405,10,20
828,6.737479503396579,10,20
829,6.674982431482783,10,20
830,6.687420941672523,10,20
831,6.616678379011478,10,20
832,6.575778870929961,10,20
833,6.647692668072148,10,20
834,6.59878191613961,10,20
835,6.682033263059264,10,20
836,6.786156008432889,10,20
837,6.8377605996720545,10,20
838,6.84312485359569,10,20
839,6.894588896697119,10,20
840,6.8863199812602485,10,20
841,6.794050128835792,10,20
842,6.808713984539704,10,20
843,6.8637854298430545,10,20
844,6.870367767627078,10,20
845,6.844483485593816,10,20
846,6.688240805809323,10,20
847,6.712860154602951,10,20
848,6.798243148278285,10,20
849,6.758468025298664,10,20
850,6.736261419536191,10,20
851,6.769875849144999,10,20
852,6.920121808386039,10,20
853,6.946521433591005,10,20
854,6.753736237994847,10,20
855,6.743171702974935,10,20
856,6.787374092293277,10,20
857,6.666760365425158,10,20
858,6.639330053876786,10,20
859,6.597282736003748,10,20
860,6.599063012415086,10,20
861,6.617369901547116,10,20
862,6.679629629629629,10,20
863,6.758983368470368,10,20
864,6.702574906367041,10,20
865,6.624461610486891,10,20
866,6.619592696629213,10,20
867,6.569826779026217,10,20
868,6.717158239700375,10,20
869,6.597799625468165,10,20
870,6.606577715355805,10,20
871,6.678838951310861,10,20
872,6.722284644194756,10,20
873,6.708058093230266,10,20
874,6.711571796673694,10,20
875,6.813834269662921,10,20
876,6.838178838951311,10,20
877,6.85814606741573,10,20
878,6.868281835205992,10,20
879,6.849602059925094,10,20
880,6.742696629213484,10,20
881,6.744101123595506,10,20
882,6.7448267790262175,10,20
883,6.650187265917603,10,20
884,6.640121722846442,10,20
885,6.659386704119851,10,20
886,6.67626404494382,10,20
887,6.819194756554307,10,20
888,6.832888576779026,10,20
889,6.733450374531834,10,20
890,6.680126404494382,10,20
891,6.667930711610487,10,20
892,6.682607677902621,10,20
893,6.669922698524244,10,20
894,6.617006324666198,10,20
895,6.633708128367299,10,20
896,6.642960880768329,10,20
897,6.596111501522604,10,20
898,6.558491449988288,10,20
899,6.640360740220192,10,20
900,6.634317170297494,10,20
901,6.598688217381119,10,20
902,6.650925275240103,10,20
903,6.688943546498009,10,20
904,6.693651909112203,10,20
905,6.616795502459593,10,20
906,6.68208011243851,10,20
907,6.686929023190443,10,20
908,6.701733427032092,10,20
909,6.654087608339189,10,20
910,6.626563598032327,10,20
911,6.600163972827359,10,20
912,6.491496837666901,10,20
913,6.567439681424221,10,20
914,6.656945420473179,10,20
915,6.647036776762708,10,20
916,6.66980557507613,10,20
917,6.675919419067697,10,20
918,6.7035371281330525,10,20
919,6.685546966502693,10,20
920,6.650784727102365,10,20
921,6.62799250409932,10,20
922,6.69123916608105,10,20
923,6.796954790349028,10,20
924,6.743593347388147,10,20
925,6.820121808386038,10,20
926,6.721246193487937,10,20
927,6.77781681892715,10,20
928,6.801686577652846,10,20
929,6.821269618177559,10,20
930,6.809604122745374,10,20
931,6.835090185055049,10,20
932,6.826985242445537,10,20
933,6.792574373389553,10,20
934,6.836308268915437,10,20
935,6.754711673699016,10,20
936,6.804216444132115,10,20
937,6.900187397516984,10,20
938,6.885148746779106,10,20
939,6.910962754743499,10,20
940,6.973787772312018,10,20
941,6.841438275942844,10,20
942,6.836167720777699,10,20
943,6.795127664558445,10,20
944,6.868915436870462,10,20
945,6.900046849379246,10,20
946,6.941602248770203,10,20
947,6.841297727805106,10,20
948,6.903302881236823,10,20
949,6.871870604781996,10,20
950,6.904193019442492,10,20
951,6.898828765518856,10,20
952,7.017685640665261,10,20
953,7.059006793159991,10,20
954,7.058327477160928,10,20
955,7.037479503396581,10,20
956,7.065354884047786,10,20
957,7.018013586319981,10,20
958,7.0539704848910745,10,20
959,7.022323729210588,10,20
960,7.044342937456079,10,20
961,7.062801592878895,10,20
962,7.076950105411103,10,20
963,7.029585382993676,10,20
964,7.154275005856172,10,20
965,7.307987819161396,10,20
966,7.311571796673694,10,20
967,7.1394940267041465,10,20
968,7.150339657999531,10,20
969,7.108526587022721,10,20
970,7.175966268446943,10,20
971,7.206840009369876,10,20
972,7.130709768095572,10,20
973,7.079620520028109,10,20
974,7.203607402201921,10,20
975,7.262895291637386,10,20
976,7.218669477629421,10,20
977,7.214874677910518,10,20
978,7.238603888498477,10,20
979,7.269899273834621,10,20
980,7.279690794096978,10,20
981,7.287046146638557,10,20
982,7.321246193487936,10,20
983,7.459803232607167,10,20
984,7.4831576481611615,10,20
985,7.438393066291872,10,20
986,7.526516748653081,10,20
987,7.473441162681669,10,20
988,7.583532443195128,10,20
989,7.541092358180965,10,20
990,7.479629629629629,10,20
991,7.528879512423817,10,20
992,7.454406938584153,10,20
993,7.461486169714018,10,20
994,7.520089076418191,10,20
995,7.572409751523676,10,20
996,7.545874355368026,10,20
997,7.574472573839662,10,20
998,7.6793483356774495,10,20
999,7.7471870604782,10,20
1000,7.746601031411157,10,20
1001,7.703328645100797,10,20
1002,7.643905297702766,10,20
1003,7.647679324894515,10,20
1004,7.694069385841538,10,20
1005,7.779254571026724,10,20
1006,7.8405766526019685,10,20
1007,7.839193624003751,10,20
1008,7.965236755743086,10,20
1009,7.94991789819376,10,20
1010,7.9376964578935025,10,20
1011,7.95890218156228,10,20
1012,7.948041285479709,10,20
1013,7.972183098591549,10,20
1014,8.010133708655875,10,20
1015,8.048228946751115,10,20
1016,8.115716631480177,10,20
1017,8.150199390100868,10,20
1018,8.19056338028169,10,20
1019,8.261177574478067,10,20
1020,8.166174055829227,10,20
1021,8.21688951442646,10,20
1022,8.322824302134647,10,20
1023,8.353286384976526,10,20
1024,8.29413558526859,10,20
1025,8.372812573305184,10,20
1026,8.402979122683556,10,20
1027,8.326342950973492,10,20
1028,8.375808720112518,10,20
1029,8.402648851383029,10,20
1030,8.437599624941397,10,20
1031,8.43752930145335,10,20
1032,8.491467416783873,10,20
1033,8.52216748768473,10,20
1034,8.729395218002814,10,20
1035,8.829067041725269,10,20
1036,8.877285513361462,10,20
1037,8.81279887482419,10,20
1038,8.846179090482888,10,20
1039,8.93891233005157,10,20
1040,8.992240975152368,10,20
1041,9.054899203000469,10,20
1042,9.150210970464135,10,20
1043,9.149132676980779,10,20
1044,9.189903958772547,10,20
1045,9.422300304520965,10,20
1046,9.451581166549543,10,20
1047,9.48756148981026,10,20
1048,9.396603420004684,10,20
1049,9.421152494729444,10,20
1050,9.505879597095339,10,20
1051,9.667463106113843,10,20
1052,9.674537362379949,10,20
1053,9.727851955961583,10,20
1054,9.799484656828296,10,20
1055,9.978035630567277,10,20
1056,10.000726165378309,10,20
1057,10.094003279456548,10,20
1058,10.084399156711173,10,20
1059,10.10613726868119,10,20
1060,10.114663855703911,10,20
1061,10.065565706254391,10,20
1062,10.170344342937456,10,20
1063,10.197890295358649,10,20
1064,10.323112986404126,10,20
1065,10.415893108298171,10,20
1066,10.480989217065167,10,20
1067,10.418729488982652,10,20
1068,10.514838255977496,10,20
1069,10.671702974935583,10,20
1070,10.689013820566878,10,20
1071,10.640454438978683,10,20
1072,10.70799343647445,10,20
1073,10.79885219020848,10,20
1074,10.874513937690326,10,20
1075,10.971143928738865,10,20
1076,11.021073605250821,10,20
1077,11.081950304735114,10,20
1078,11.12553291168892,10,20
1079,11.196788560712612,10,20
1080,11.203682852451324,10,20
1081,11.252742616033755,10,20
1082,11.237904360056259,10,20
1083,11.386990154711674,10,20
1084,11.48091889357712,10,20
1085,11.425363338021565,10,20
1086,11.566315049226441,10,20
1087,11.645850914205345,10,20
1088,11.652109704641349,10,20
1089,11.596858884200657,10,20
1090,11.641373652133145,10,20
1091,11.677754336615095,10,20
1092,11.723096743968142,10,20
1093,11.893581635043335,10,20
1094,11.98706957132818,10,20
1095,12.1268446943078,10,20
1096,12.17765284609979,10,20
1097,12.26743968142422,10,20
1098,12.293394237526353,10,20
1099,12.312133989224643,10,20
1100,12.410096041227453,10,20
1101,12.552953586497889,10,20
1102,12.572902015939992,10,20
1103,12.577175697865353,10,20
1104,12.683380215658696,10,20
1105,12.734341303328645,10,20
1106,12.75182841068917,10,20
1107,12.824894514767932,10,20
1108,12.878082512892641,10,20
1109,13.01823722456634,10,20
1110,13.002273792780121,10,20
1111,13.210571964369434,10,20
1112,13.389552588428202,10,20
1113,13.444741157179665,10,20
1114,13.48395408760834,10,20
1115,13.479699953117676,10,20
1116,13.4943741209564,10,20
1117,13.564113375497774,10,20
1118,13.656102131646756,10,20
1119,13.776715858514875,10,20
1120,13.879643944717733,10,20
1121,13.833075480543837,10,20
1122,13.97423284141485,10,20
1123,14.14748184586554,10,20
1124,14.358819395643007,10,20
1125,14.490723822909345,10,20
1126,14.453947060201452,10,20
1127,14.432724291403138,10,20
1128,14.561185289294917,10,20
1129,14.756898571093933,10,20
1130,15.01358631998126,10,20
1131,15.107829348335677,10,20
1132,15.09760900140647,10,20
1133,15.246155649320206,10,20
1134,15.461017346460384,10,20
1135,15.703703703703704,10,20
1136,15.758866245022253,10,20
1137,15.783766690091356,10,20
1138,15.729491684235184,10,20
1139,15.819770438041695,10,20
1140,15.86924519456165,10,20
1141,16.181869290231905,10,20
1142,16.296512172284643,10,20
1143,16.400959737827716,10,20
1144,16.46308520599251,10,20
1145,16.53373127340824,10,20
1146,16.559339887640448,10,20
1147,16.674321161048688,10,20
1148,16.6060350877193,10,20
1149,16.849777777777778,10,20
1150,16.955134502923976,10,20
1151,17.048187134502925,10,20
1152,17.06540350877193,10,20
1153,17.21005142589995,10,20
1154,17.420093567251463,10,20
1155,17.389948574100046,10,20
1156,17.391164095371668,10,20
1157,17.440906965871903,10,20
1158,17.593712014960264,10,20
1159,17.568302945301543,10,20
1160,17.637961664329126,10,20
1161,17.825549322113137,10,20
1162,17.95205703599813,10,20
1163,17.832771929824563,10,20
1164,17.999578947368423,10,20
1165,18.17877512856475,10,20
1166,17.998387096774195,10,20
1167,17.86100981767181,10,20
1168,17.877956989247313,10,20
1169,17.805282842449742,10,20
1170,17.86900420757363,10,20
1171,18.019635343618514,10,20
1172,18.063464235624124,10,20
1173,17.89326788218794,10,20
1174,17.87879850397382,10,20
1175,18.016526414212247,10,20
1176,18.00902290790089,10,20
1177,18.024777933613837,10,20
1178,18.026484338475925,10,20
1179,17.947452080411406,10,20
1180,17.77398316970547,10,20
1181,17.577956989247312,10,20
1182,17.570032725572695,10,20
1183,17.487307152875175,10,20
1184,17.402384291725106,10,20
1185,17.407807386629266,10,20
1186,17.234291725105187,10,20
1187,17.109280037400655,10,20
1188,17.12809724170173,10,20
1189,17.0377512856475,10,20
1190,17.155633473585787,10,20
1191,17.29525811726232,10,20
1192,17.470240597991122,10,20
1193,17.42492408315814,10,20
1194,17.517659425367906,10,20
1195,17.59614576033637,10,20
1196,17.644148563419762,10,20
1197,17.7180565288484,10,20
1198,17.742863816865217,10,20
1199,17.651132912870825,10,20
1200,17.59873861247372,10,20
1201,17.703620649380984,10,20
1202,17.93744452230787,10,20
1203,17.864120532585844,10,20
1204,17.85169352954917,10,20
1205,17.774211632796074,10,20
1206,17.920719458070543,10,20
1207,17.916000934361133,10,20
1208,17.98170988086896,10,20
1209,18.00233590282644,10,20
1210,18.147862648913804,10,20
1211,18.12688624153235,10,20
1212,18.28792338238729,10,20
1213,18.328638168652184,10,20
1214,18.426278906797478,10,20
1215,18.436463443120765,10,20
1216,18.396192478392898,10,20
1217,18.367460873627657,10,20
1218,18.340831581406214,10,20
1219,18.240691427236627,10,20
1220,18.23162812427003,10,20
1221,18.25596823172156,10,20
1222,18.33996729736043,10,20
1223,18.40411118897454,10,20
1224,18.438028498014482,10,20
1225,18.32027563653352,10,20
1226,18.42459093034128,10,20
1227,18.555773726040204,10,20
1228,18.59890212567157,10,20
1229,18.586568558747956,10,20
1230,18.59593552908199,10,20
1231,18.412824106517167,10,20
1232,18.54013081055828,10,20
1233,18.675706610604998,10,20
1234,18.843471151600095,10,20
1235,18.811819668301798,10,20
1236,18.716911936463443,10,20
1237,18.761807988787666,10,20
1238,18.9284980144826,10,20
1239,18.889247311827955,10,20
1240,19.082877832282175,10,20
1241,19.05718290119131,10,20
1242,19.013267928054194,10,20
1243,18.922424667133846,10,20
1244,18.830343377715486,10,20
1245,18.775916841859377,10,20
1246,18.938565755664563,10,20
1247,18.90845596823172,10,20
1248,18.96909600560617,10,20
1249,19.042700303667367,10,20
1250,19.08248072880168,10,20
1251,19.11658491006774,10,20
1252,18.99836486802149,10,20
1253,18.965405279140388,10,20
1254,18.834501284746555,10,20
1255,18.761781206171108,10,20
1256,18.85413744740533,10,20
1257,18.987339406680682,10,20
1258,19.003667367437515,10,20
1259,18.94842326559215,10,20
1260,18.999556178462974,10,20
1261,19.046017285680918,10,20
1262,19.094226273959794,10,20
1263,19.19314619883041,10,20
1264,19.12769194756554,10,20
1265,19.17926029962547,10,20
1266,19.191391812865497,10,20
1267,19.258152046783625,10,20
1268,19.17323976608187,10,20
1269,19.29854970760234,10,20
1270,19.276474719101124,10,20
1271,19.3346432748538,10,20
1272,19.242994152046784,10,20
1273,19.36362573099415,10,20
1274,19.444795321637425,10,20
1275,19.529988304093568,10,20
1276,19.631345029239768,10,20
1277,19.497637426900585,10,20
1278,19.50561403508772,10,20
1279,19.600467836257312,10,20
1280,19.70680701754386,10,20
1281,19.63043274853801,10,20
1282,19.68966081871345,10,20
1283,19.647214419475656,10,20
1284,19.634666666666668,10,20
1285,19.471625730994152,10,20
1286,19.594315789473686,10,20
1287,19.52436797752809,10,20
1288,19.63087891538102,10,20
1289,19.524100046750817,10,20
1290,19.44534829359514,10,20
1291,19.17611033193081,10,20
1292,19.16998597475456,10,20
1293,19.312505843852268,10,20
1294,19.361874707807388,10,20
1295,19.24721832632071,10,20
1296,19.27809724170173,10,20
1297,19.273094904160825,10,20
1298,19.24095371669004,10,20
1299,19.119378214118747,10,20
1300,19.0533894343151,10,20
1301,19.116175783076205,10,20
1302,19.00476858345021,10,20
1303,19.013627863487613,10,20
1304,19.006100981767183,10,20
1305,18.90956054230949,10,20
1306,18.791514726507714,10,20
1307,18.71369798971482,10,20
1308,18.650210378681628,10,20
1309,18.561173445535296,10,20
1310,18.540042075736324,10,20
1311,18.47671809256662,10,20
1312,18.317671809256662,10,20
1313,18.198175438596493,10,20
1314,18.202269005847953,10,20
1315,18.11362786348761,10,20
1316,18.00145029239766,10,20
1317,17.882655446470313,10,20
1318,17.664679756895744,10,20
1319,17.620149602618046,10,20
1320,17.589808321645627,10,20
1321,17.476928471248247,10,20
1322,17.448714352501167,10,20
1323,17.365310892940627,10,20
1324,17.243571762505844,10,20
1325,17.13884992987377,10,20
1326,16.97952314165498,10,20
1327,16.96442262739598,10,20
1328,16.950093501636278,10,20
1329,16.857316503038803,10,20
1330,16.787938288920056,10,20
1331,16.718409356725147,10,20
1332,16.509163160355307,10,20
1333,16.375549322113137,10,20
1334,16.407129499766246,10,20
1335,16.288756428237495,10,20
1336,16.21112669471716,10,20
1337,16.200958391771856,10,20
1338,16.075128564749882,10,20
1339,16.0775829827022,10,20
1340,16.079827021972882,10,20
1341,15.854581580177655,10,20
1342,15.72054698457223,10,20
1343,15.624871435250116,10,20
1344,15.395021037868162,10,20
1345,15.237961664329125,10,20
1346,15.07059373539037,10,20
1347,14.914586255259467,10,20
1348,14.728818713450291,10,20
1349,14.51782456140351,10,20
1350,14.359461988304094,10,20
1351,14.214175438596492,10,20
1352,14.148176718092566,10,20
1353,13.867064048620852,10,20
1354,13.756124357176251,10,20
1355,13.59925198690977,10,20
1356,13.56704067321178,10,20
1357,13.514516129032259,10,20
1358,13.371552127162225,10,20
1359,13.225081813931745,10,20
1360,13.036769518466574,10,20
1361,12.867344553529685,10,20
1362,12.738522674146799,10,20
1363,12.691070593735391,10,20
1364,12.56713417484806,10,20
1365,12.450981767180926,10,20
1366,12.244950911640954,10,20
1367,12.275596072931275,10,20
1368,12.194202898550726,10,20
1369,12.167531556802246,10,20
1370,11.982748948106593,10,20
1371,11.81573165030388,10,20
1372,11.698550724637682,10,20
1373,11.610448807854137,10,20
1374,11.467508181393175,10,20
1375,11.366760168302946,10,20
1376,11.323562412342216,10,20
1377,11.310963066853668,10,20
1378,11.220654970760233,10,20
1379,11.28093567251462,10,20
1380,11.06989247311828,10,20
1381,10.90472183263207,10,20
1382,10.861430575035063,10,20
1383,10.787190275829827,10,20
1384,10.700163627863487,10,20
1385,10.679803646563814,10,20
1386,10.68496961196821,10,20
1387,10.598316970546986,10,20
1388,10.536535764375877,10,20
1389,10.390953716690042,10,20
1390,10.377559607293128,10,20
1391,10.182374941561477,10,20
1392,10.172884525479196,10,20
1393,10.074006545114539,10,20
1394,10.002314165497896,10,20
1395,9.975596072931276,10,20
1396,9.91365123889668,10,20
1397,9.861711079943898,10,20
1398,9.845815801776531,10,20
1399,9.755212716222534,10,20
1400,9.66783543712015,10,20
1401,9.461968209443665,10,20
1402,9.47194950911641,10,20
1403,9.316269284712483,10,20
1404,9.32533894343151,10,20
1405,9.334431977559607,10,20
1406,9.209373539036934,10,20
1407,9.180411407199626,10,20
1408,9.05827489481066,10,20
1409,8.978611500701263,10,20
1410,9.047101449275361,10,20
1411,9.01374474053296,10,20
1412,8.917344553529686,10,20
1413,8.874801309022908,10,20
1414,8.974894810659187,10,20
1415,8.989200561009818,10,20
1416,8.858064516129032,10,20
1417,8.585413744740533,10,20
1418,8.566573165030388,10,20
1419,8.57748948106592,10,20
1420,8.635904628330996,10,20
1421,8.641514726507713,10,20
1422,8.643548387096775,10,20
1423,8.612272089761571,10,20
1424,8.508368396446938,10,20
1425,8.422183263207106,10,20
1426,8.36841982234689,10,20
1427,8.353856942496494,10,20
1428,8.339948574100047,10,20
1429,8.322183263207105,10,20
1430,8.292099111734455,10,20
1431,8.255726975222066,10,20
1432,8.191701729780272,10,20
1433,8.126390836839645,10,20
1434,7.959630668536699,10,20
1435,7.947545582047686,10,20
1436,7.876788218793829,10,20
1437,7.972206638616176,10,20
1438,7.973118279569892,10,20
1439,7.934338475923329,10,20
